{"cameraMode":{"drawMode":0,"name":"Shaded","section":"Shading Mode"},"sceneLighting":false,"audioPlay":false,"sceneViewState":{"showFog":true,"showMaterialUpdate":false,"showSkybox":false,"showFlares":true,"showImageEffects":true,"showParticleSystems":true},"in2DMode":false,"pivot":{"x":0.27416369318962099,"y":0.41825199127197268,"z":-0.5222594738006592},"rotation":{"x":-0.6379006505012512,"y":0.146921306848526,"z":-0.1257251650094986,"w":-0.7454487681388855},"size":2.5520389080047609,"orthographic":false}