{"cameraMode":{"drawMode":0,"name":"Shaded","section":"Shading Mode"},"sceneLighting":true,"audioPlay":false,"sceneViewState":{"showFog":true,"showMaterialUpdate":false,"showSkybox":true,"showFlares":true,"showImageEffects":true,"showParticleSystems":true},"in2DMode":false,"pivot":{"x":-6.588354110717773,"y":9.977542877197266,"z":317.9034118652344},"rotation":{"x":0.32508665323257449,"y":0.1004815548658371,"z":-0.03502393886446953,"w":0.9399238228797913},"size":6.033599853515625,"orthographic":false}