{"cameraMode":{"drawMode":0,"name":"Shaded","section":"Shading Mode"},"sceneLighting":true,"audioPlay":false,"sceneViewState":{"showFog":true,"showMaterialUpdate":false,"showSkybox":true,"showFlares":true,"showImageEffects":true,"showParticleSystems":true},"in2DMode":false,"pivot":{"x":-62.704227447509769,"y":3.3579444885253908,"z":128.24819946289063},"rotation":{"x":0.13504308462142945,"y":-0.8643137216567993,"z":0.32237792015075686,"w":0.3620474338531494},"size":12.403646469116211,"orthographic":false}