{"cameraMode":{"drawMode":0,"name":"Shaded","section":"Shading Mode"},"sceneLighting":true,"audioPlay":false,"sceneViewState":{"showFog":true,"showMaterialUpdate":false,"showSkybox":true,"showFlares":true,"showImageEffects":true,"showParticleSystems":true},"in2DMode":false,"pivot":{"x":472.0372314453125,"y":6.532097816467285,"z":1326.8218994140625},"rotation":{"x":0.19452959299087525,"y":-0.31764596700668337,"z":0.06654051691293717,"w":0.9259529113769531},"size":3.2751965522766115,"orthographic":false}