{"cameraMode":{"drawMode":0,"name":"Shaded","section":"Shading Mode"},"sceneLighting":true,"audioPlay":false,"sceneViewState":{"showFog":true,"showMaterialUpdate":false,"showSkybox":true,"showFlares":true,"showImageEffects":true,"showParticleSystems":true},"in2DMode":false,"pivot":{"x":-10.365436553955079,"y":-10.26606559753418,"z":-15.581579208374024},"rotation":{"x":-0.30020982027053835,"y":0.20678406953811646,"z":-0.06686211377382279,"w":-0.9288750886917114},"size":12.4793119430542,"orthographic":false}