{"cameraMode":{"drawMode":0,"name":"Shaded","section":"Shading Mode"},"sceneLighting":true,"audioPlay":false,"sceneViewState":{"showFog":true,"showMaterialUpdate":false,"showSkybox":true,"showFlares":true,"showImageEffects":true,"showParticleSystems":true,"showVisualEffectGraphs":true,"m_FxEnabled":true},"in2DMode":false,"pivot":{"x":2.4191675186157228,"y":1.2799997329711915,"z":-48.122623443603519},"rotation":{"x":-0.15248136222362519,"y":0.19900384545326234,"z":-0.031350456178188327,"w":-0.9675939083099365},"size":2.1463632583618166,"orthographic":false}