{"cameraMode":{"drawMode":0,"name":"Shaded","section":"Shading Mode"},"sceneLighting":true,"audioPlay":false,"sceneViewState":{"showFog":true,"showMaterialUpdate":false,"showSkybox":true,"showFlares":true,"showImageEffects":true,"showParticleSystems":true,"showVisualEffectGraphs":true,"m_FxEnabled":true},"in2DMode":false,"pivot":{"x":3.764415979385376,"y":-2.131093978881836,"z":-40.515316009521487},"rotation":{"x":-0.11779408156871796,"y":0.17719680070877076,"z":-0.021366149187088014,"w":-0.9768999218940735},"size":12.395364761352539,"orthographic":false}