{"cameraMode":{"drawMode":0,"name":"Shaded","section":"Shading Mode"},"sceneLighting":true,"audioPlay":false,"sceneViewState":{"showFog":true,"showMaterialUpdate":false,"showSkybox":true,"showFlares":true,"showImageEffects":true,"showParticleSystems":true,"showVisualEffectGraphs":true,"m_FxEnabled":true},"in2DMode":false,"pivot":{"x":3.9361679553985597,"y":2.6302123069763185,"z":-47.348506927490237},"rotation":{"x":-0.04242752492427826,"y":0.24682113528251649,"z":-0.010827234014868737,"w":-0.9680991172790527},"size":3.3618667125701906,"orthographic":false}