{"cameraMode":{"drawMode":0,"name":"Shaded","section":"Shading Mode"},"sceneLighting":true,"audioPlay":false,"sceneViewState":{"showFog":true,"showMaterialUpdate":false,"showSkybox":true,"showFlares":true,"showImageEffects":true,"showParticleSystems":true,"showVisualEffectGraphs":true,"m_FxEnabled":true},"in2DMode":false,"pivot":{"x":0.44915246963500979,"y":1.5344840288162232,"z":-44.163490295410159},"rotation":{"x":-0.043957050889730456,"y":0.24094820022583009,"z":-0.010924534872174263,"w":-0.969481885433197},"size":7.083498477935791,"orthographic":false}